{"cameraMode":{"drawMode":0,"name":"Shaded","section":"Shading Mode"},"sceneLighting":true,"audioPlay":false,"sceneViewState":{"m_AlwaysRefresh":false,"showFog":true,"showSkybox":true,"showFlares":true,"showImageEffects":true,"showParticleSystems":true,"showVisualEffectGraphs":true,"m_FxEnabled":true},"in2DMode":false,"pivot":{"x":78.25930786132813,"y":10.983323097229004,"z":462.8814697265625},"rotation":{"x":0.09853826463222504,"y":-0.06717294454574585,"z":-0.004297764506191015,"w":0.9932003021240234},"size":33.59103012084961,"orthographic":false}